id,name,url
1,天猫,https://detail.tmall.com/item.htm?id=599964170530
2,天猫,https://detail.tmall.com/item.htm?id=596850261134
3,天猫,https://detail.tmall.com/item.htm?id=595377920692
4,天猫,https://detail.tmall.com/item.htm?id=561938424399
5,天猫,https://detail.tmall.com/item.htm?id=596924105820
6,天猫,https://detail.tmall.com/item.htm?id=574916866864
7,天猫,https://detail.tmall.com/item.htm?id=578834140255
8,天猫,https://detail.tmall.com/item.htm?id=576190239405
9,淘宝,https://item.taobao.com/item.htm?id=574686245671
10,天猫,https://detail.tmall.com/item.htm?id=596570390765
11,天猫,https://detail.tmall.com/item.htm?id=588943555493
12,天猫,https://detail.tmall.com/item.htm?id=577049083553
13,天猫,https://detail.tmall.com/item.htm?id=600261878290
14,天猫,https://detail.tmall.com/item.htm?id=594177018075
15,淘宝,https://item.taobao.com/item.htm?id=558432854635
16,淘宝,https://item.taobao.com/item.htm?id=576082342399
17,淘宝,https://item.taobao.com/item.htm?id=553672984237
18,淘宝,https://item.taobao.com/item.htm?id=570726653330
19,淘宝,https://item.taobao.com/item.htm?id=597527981659
20,淘宝,https://item.taobao.com/item.htm?id=595993189737
21,淘宝,https://item.taobao.com/item.htm?id=594412489354
22,淘宝,https://item.taobao.com/item.htm?id=597540286448
23,淘宝,https://item.taobao.com/item.htm?id=592113750004
24,淘宝,https://item.taobao.com/item.htm?id=597233050854
25,淘宝,https://item.taobao.com/item.htm?id=592263512531
26,淘宝,https://item.taobao.com/item.htm?id=591760429539
27,淘宝,https://item.taobao.com/item.htm?id=597505404515
28,淘宝,https://item.taobao.com/item.htm?id=591534799687
29,淘宝,https://item.taobao.com/item.htm?id=592146350842
30,淘宝,https://item.taobao.com/item.htm?id=591556732668
31,淘宝,https://item.taobao.com/item.htm?id=589746050582
32,淘宝,https://item.taobao.com/item.htm?id=586646560061
33,淘宝,https://item.taobao.com/item.htm?id=591979063095
34,淘宝,https://item.taobao.com/item.htm?id=591506712827
35,淘宝,https://item.taobao.com/item.htm?id=599668573037
36,淘宝,https://item.taobao.com/item.htm?id=597586410778
37,淘宝,https://item.taobao.com/item.htm?id=590477164759
38,淘宝,https://item.taobao.com/item.htm?id=592669121259
39,淘宝,https://item.taobao.com/item.htm?id=600202001202
40,淘宝,https://item.taobao.com/item.htm?id=591341174106
41,淘宝,https://item.taobao.com/item.htm?id=591826049698
42,淘宝,https://item.taobao.com/item.htm?id=593700395051
43,淘宝,https://item.taobao.com/item.htm?id=569437315914
44,淘宝,https://item.taobao.com/item.htm?id=596037701975
45,淘宝,https://item.taobao.com/item.htm?id=561582107619
46,淘宝,https://item.taobao.com/item.htm?id=590356081491
47,淘宝,https://item.taobao.com/item.htm?id=596351327356
48,淘宝,https://item.taobao.com/item.htm?id=593011752788
49,淘宝,https://item.taobao.com/item.htm?id=588165700578
50,淘宝,https://item.taobao.com/item.htm?id=592196106274
51,淘宝,https://item.taobao.com/item.htm?id=600585943318
52,淘宝,https://item.taobao.com/item.htm?id=587117847180
53,淘宝,https://item.taobao.com/item.htm?id=589144158777
54,淘宝,https://item.taobao.com/item.htm?id=567050517598
55,天猫,https://detail.tmall.com/item.htm?id=599996903501
56,天猫,https://detail.tmall.com/item.htm?id=598615489437
57,天猫,https://detail.tmall.com/item.htm?id=596910467185
58,天猫,https://detail.tmall.com/item.htm?id=585059428167
59,天猫,https://detail.tmall.com/item.htm?id=585451452849
60,天猫,https://detail.tmall.com/item.htm?id=586874723233
61,天猫,https://detail.tmall.com/item.htm?id=576632811424
62,天猫,https://detail.tmall.com/item.htm?id=576241624575
63,天猫,https://detail.tmall.com/item.htm?id=584459143974
64,天猫,https://detail.tmall.com/item.htm?id=593798708737
65,淘宝,https://item.taobao.com/item.htm?id=575713809267
66,淘宝,https://item.taobao.com/item.htm?id=574898983271
67,淘宝,https://item.taobao.com/item.htm?id=576004337940
68,淘宝,https://item.taobao.com/item.htm?id=576768171458
69,淘宝,https://item.taobao.com/item.htm?id=574835460578
70,淘宝,https://item.taobao.com/item.htm?id=597033090624
71,淘宝,https://item.taobao.com/item.htm?id=596979540381
72,淘宝,https://item.taobao.com/item.htm?id=597807903466
73,淘宝,https://item.taobao.com/item.htm?id=595659502659
74,淘宝,https://item.taobao.com/item.htm?id=571256301538
75,淘宝,https://item.taobao.com/item.htm?id=595486253379
76,淘宝,https://item.taobao.com/item.htm?id=594272165024
77,淘宝,https://item.taobao.com/item.htm?id=594930644086
78,淘宝,https://item.taobao.com/item.htm?id=572266099552
79,淘宝,https://item.taobao.com/item.htm?id=595831996007
80,淘宝,https://item.taobao.com/item.htm?id=596511191352
81,淘宝,https://item.taobao.com/item.htm?id=586650917208
82,淘宝,https://item.taobao.com/item.htm?id=571424638807
83,淘宝,https://item.taobao.com/item.htm?id=568352876588
84,淘宝,https://item.taobao.com/item.htm?id=590492152123
85,淘宝,https://item.taobao.com/item.htm?id=588418287449
86,淘宝,https://item.taobao.com/item.htm?id=570198882400
87,淘宝,https://item.taobao.com/item.htm?id=596229897580
88,淘宝,https://item.taobao.com/item.htm?id=596711521443
89,淘宝,https://item.taobao.com/item.htm?id=591296160826
90,淘宝,https://item.taobao.com/item.htm?id=596178836522
91,淘宝,https://item.taobao.com/item.htm?id=591276755062
92,淘宝,https://item.taobao.com/item.htm?id=585588162536
93,淘宝,https://item.taobao.com/item.htm?id=585588162536
94,淘宝,https://item.taobao.com/item.htm?id=590638153093
95,淘宝,https://item.taobao.com/item.htm?id=592508447954
96,淘宝,https://item.taobao.com/item.htm?id=589970699230
97,淘宝,https://item.taobao.com/item.htm?id=595898476407
98,淘宝,https://item.taobao.com/item.htm?id=596178836522
99,淘宝,https://item.taobao.com/item.htm?id=587909737018
100,淘宝,https://item.taobao.com/item.htm?id=582178662855
101,淘宝,https://item.taobao.com/item.htm?id=592018419881
102,淘宝,https://item.taobao.com/item.htm?id=595147799714
103,淘宝,https://item.taobao.com/item.htm?id=593842330862
104,淘宝,https://item.taobao.com/item.htm?id=581802932979
105,淘宝,https://item.taobao.com/item.htm?id=595143699716
106,淘宝,https://item.taobao.com/item.htm?id=589568527188
107,淘宝,https://item.taobao.com/item.htm?id=595068304651
108,天猫,https://detail.tmall.com/item.htm?id=556399779862
109,天猫,https://detail.tmall.com/item.htm?id=586723582571
